"220 E 15th St, Chicago Heights IL, 60411"
"1807 S Kostner, Chicago IL, 60651"
"1260 W 103rd St, Chicago IL, 60643"
"2747 W 71st St, Chicago IL, 60629"
"4946 S Vincennes Ave, Chicago IL, 60615"
"101 W 10th St, Chicago Heights IL, 60411"
"2100 N Kildare, Chicago IL, 60639"
"7800 S Racine Ave, Chicago IL, 60620"
"10724 S Ewing Ave, Chicago IL, 60617"
"2700 W Wilcox St, Chicago IL, 60612"
"4821 W Chicago Ave, Chicago IL, 60651"
"4540 W Washington Blvd, Chicago IL, 60624"
"6334 W Diversey, Chicago IL, 60639"
"2145 N Maplewood Ave, Chicago IL, 60647"
"1254 E 75th St, Chicago IL, 60619"
"718 S Independence Blvd, Chicago IL, 60624"
"5022 W Madison St, Chicago IL, 60644"
"3555 West Huron, Chicago IL, 60624"
"2431 W Roosevelt Rd, Chicago IL, 60608"
"4258 W Iowa St, Chicago IL, 60651"
"218 S Wabash Ave Ste 600, Chicago IL, 60604"
"5841 W. Division, Chicago IL, 60651"
"1309 W 95th St, Chicago IL, 60643"
"2930 W Flournoy St, Chicago IL, 60612"
"2801 S Ridgeway Ave, Chicago IL, 60623"
"2950 W Washington Blvd, Chicago IL, 60612"
"4835 N Sheridan Rd, Chicago IL, 60640"
"3400 S Emerald Ave, Chicago IL, 60616"
"3228 W Palmer St, Chicago IL, 60647"
"2102 W Monroe St, Chicago IL, 60612"
"2950 W 25th St, Chicago IL, 60623"
"1425 W 112th, Chicago IL, 60643"
"2141 S Tan Ct, Chicago IL, 60616"
"1919 W Cullerton St, Chicago IL, 60608"
"1021 E 83rd St, Chicago IL, 60619"
"2831 W Lawrence Ave, Chicago IL, 60625"
"9231 S Cottage Grove, Chicago IL, 60619"
"2653 W Ogden, Chicago IL, 60608"
"50 W 71st St, Chicago IL, 60621"
"5332 S Western Ave, Chicago IL, 60609"
"3110 W Armitage, Chicago IL, 60647"
"8959 S Commercial, Chicago IL, 60617"
"2400 S Kedzie, Chicago IL, 60623"
"6844 S Indiana, Chicago IL, 60637"
"6435 W Belmont, Chicago IL, 60634"
"8235 S South Shore Dr, Chicago IL, 60617"
"3643 W Belmont, Chicago IL, 60618"
"6216 N Clark St, Chicago IL, 60660"
"10623 S Halsted St, Chicago IL, 60628"
"2121 N Keeler Ave, Chicago IL, 60639"
"1240 S Pulaski, Chicago IL, 60623"
"10420 S Halsted, Chicago IL, 60628"
"2020 S Blue Island Ave, Chicago IL, 60608"
"6200 W Bloomingdale Ave, Chicago IL, 60639"
"5437 W Division St, Chicago IL, 60651"
"4438 W Wrightwood Ave, Chicago IL, 60639"
"3501 N Kilbourn Ave, Chicago IL, 60641"
"2732 N Avers Ave, Chicago IL, 60647"
"3147 W Douglas Blvd, Chicago IL, 60623"
"218 S Wabash Ave Ste 600, Chicago IL, 60604"
"2424 W Touhy Ave, Chicago IL, 60645"
"3039 E 91st St, Chicago IL, 60617"
"2700 S Western Ave, Chicago IL, 60608"
"500 S Central Ave, Chicago IL, 60644"
"3947 S Michigan Ave, Chicago IL, 60653"
"4600 S Honore St, Chicago IL, 60609"
"1512 S Pulaski Rd, Chicago IL, 60623"
"1214 N Washtenaw Ave, Chicago IL, 60622"
"2157 W 19th St, Chicago IL, 60608"
"1060 E 47th St, Chicago IL, 60653"
"3415 W 13th Pl, Chicago IL, 60623"
"2520 S Western, Chicago IL, 60608"
"7731 N Marshfield Ave, Chicago IL, 60626"
"7131 S South Chicago Ave, Chicago IL, 60619"
"6328 N California Ave, Chicago IL, 60659"
"6235 S Homan Ave, Chicago IL, 60629"
"824 N Hamlin Ave, Chicago IL, 60651"
"119 E Garfield Blvd, Chicago IL, 60637"
"400 W 76th St, Chicago IL, 60620"
"4943 W Quincy, Chicago IL, 60644"
"730 W 69th St, Chicago IL, 60621"
"4730 North Sheridan, Chicago IL, 60640"
"4225 W 25th St, Chicago IL, 60623"
"1410 N Springfield, Chicago IL, 60651"
"3219 W. Carroll Avenue, Chicago IL, 60624"
"2859 W. Jackson, Chicago IL, 60612"
"1016 W Argyle St, Chicago IL, 60640"
"4730 N Sheridan Rd, Chicago IL, 60640"
"4455 S King Dr, Chicago IL, 60653"
"1343 N California Ave, Chicago IL, 60622"
"1322 N Kedzie, Chicago IL, 60651"
"1347 W Erie St, Chicago IL, 60642"
"914 Ashland Street, Chicago IL, 60202"
